Movie,Rating,Release Year,Cast
"Hello, My Name Is Doris",6.6,2015,"Sally Field, Max Greenfield, Tyne Daly"
"Hello, Dolly!",7.0,1969,"Barbra Streisand, Walter Matthau, Michael Crawford"
Hello Mary Lou: Prom Night II,5.7,1987,"Lisa Schrage, Michael Ironside, Wendy Lyon"
Hello I Must Be Going,6.2,2012,"Melanie Lynskey, Christopher Abbott, Blythe Danner"
Hello Ladies: The Movie,6.8,2014,"Stephen Merchant, Christine Woods, Nate Torrence, Kevin Weisman"
Hello Ghost,7.5,2010,"Tae-Hyun Cha, Ye-won Kang, Moon-su Lee"
Hello Brother,4.6,1999,"Salman Khan, Rani Mukerji, Arbaaz Khan"
Hello Charlie,5.5,2021,"Aadar Jain, Abhinay Raj Singh, Jackie Shroff"
"Hello, Goodbye and Everything in Between",5.1,2022,"Jordan Fisher, Talia Ryder, Ayo Edebiri"
Hello Again,5.2,1987,"Shelley Long, Judith Ivey, Gabriel Byrne"
